alias 202residence   <202residence@petrou.biz>
alias 202residenceboutiqueapartmentvia-bookingcom 202 Residence Boutique Apartment via Booking.com <1075972919-83ye.fuu8.z8am.wdud@property.booking.com>
alias Alessandro.Palmieri   <Alessandro.Palmieri@italiaonline.it>
alias Caitlin.Robbins   <Caitlin.Robbins@microsoft.com>
alias DAUIN.dottorato   <DAUIN.dottorato@polito.it>
alias Daniela.Marroncelli   <Daniela.Marroncelli@dls.italiaonline.it>
alias Domenico.Troiani   <Domenico.Troiani@dls.italiaonline.it>
alias Luca.caglieo   <Luca.caglieo@polito.it>
alias Morra.Pasquale   <Morra.Pasquale@italiaonline.it>
alias adam-podstawczynski Adam Podstawczynski <adam_p@apple.com>
alias adnan-muhammad Adnan Muhammad <Muhammad.Adnan@italiaonline.it>
alias adriana-crisci Adriana Crisci <downupcircus@yahoo.it>
alias adriana-ruschena Adriana Ruschena <adriana.ruschena@gmail.com>
alias adriano-di candia Adriano Di Candia <adriano.dicandia@gmail.com>
alias adriano-drò Adriano Drò <adriano@esanet.it>
alias adriano-ercolani Adriano Ercolani <adrywes8@gmail.com>
alias adriano-viviani Adriano Viviani <adriviv@gmail.com>
alias agenzia viaggi trasferte italia-line Agenzia Viaggi Trasferte Italia Line <bari1.it@contactcwt.com>
alias agostinelli-paolo Agostinelli Paolo <Paolo.Agostinelli@italiaonline.it>
alias aimetto-donatella Aimetto Donatella <Donatella.Aimetto@italiaonline.it>
alias akkasettygopal-vinay Akkasetty Gopal, Vinay <gopvinay@amazon.com>
alias alberto-audisio Alberto Audisio <audisio.alberto@seat.it>
alias alberto-borio Alberto Borio <albertoborio@gmail.com>
alias alberto-gatto Alberto Gatto <albertologatto@gmail.com>
alias alberto-grand Alberto Grand <alberto.grand@polito.it>
alias alberto-grand Alberto Grand <alberto_grand@hotmail.com>
alias alberto-stella Alberto Stella <albertostella@hotmail.com>
alias aldo-quintiero Aldo Quintiero <quintoaldo12@libero.it>
alias alessandra-lady Alessandra Lady <littleladyburlesque@gmail.com>
alias alessandragrimaldi   <alessandra.grimaldi@cooperativasocialeet.it>
alias alessandro-allera Alessandro Allera <alealle.bass@libero.it>
alias alessandro-avidano Alessandro Avidano <alessandro.avidano@csp.it>
alias alessandro-banchio Alessandro Banchio <alessandro.banchio71@gmail.com>
alias alessandro-bellagente Alessandro Bellagente <alessandro.bellagente@prontopro.it>
alias alessandro-catto Alessandro Catto <alessandro.catto@certimetergroup.com>
alias alessandro-cisarò Alessandro Cisarò <alessandrocisaro@hotmail.com>
alias alessandro-fanelli Alessandro Fanelli <alessandro.fanelli@gmail.com>
alias alessandro-farasin Alessandro Farasin <alessandro.farasin@live.it>
alias alessandro-fiori Alessandro Fiori <alessandro.fiori@polito.it>
alias alessandro-francone Alessandro Francone <alessandro.francone@altran.com>
alias alessandro-lacava Alessandro Lacava <lacava.alessandro@guest.italiaonline.it>
alias alessandro-lombardi Alessandro Lombardi <alessandro.lombardi@irion.it>
alias alessandro-marani Alessandro Marani <alessandro.marani@italiaonline.it>
alias alessandro-matrimonio 29 dicembre Alessandro Matrimonio 29 dicembre <dipsie84@gmail.com>
alias alessandro-muner Alessandro Muner <a.muner@jazzclub.torino.it>
alias alessandro-murari Alessandro Murari <AMurari@mauijim.com>
alias alessandro-sorrentino Alessandro Sorrentino <sorrentino.alessandro@italiaonline.it>
alias alessandrocattoaugensit   <alessandro.catto@augens.it>
alias alessia-bertocci Alessia Bertocci <alessia.bertocci@live.com>
alias alessia-buttol Alessia Buttol <alessia.buttol@artandmusic.com>
alias alessio-arlaud Alessio Arlaud <alarlaud@libero.it>
alias alessio-boschiazzo Alessio Boschiazzo <aledrum89@virgilio.it>
alias alessio-penna Alessio Penna <pennaalessio@libero.it>
alias alex-bufalo Alex Bufalo <alexbufalo@danceandlove.com>
alias alex-grant Alex Grant <alexgrant@google.com>
alias alexbufalo   <alexbufalo@violexvideo.com>
alias alfinito-serena Alfinito Serena <serena.alfinito@nttdata.com>
alias alfonso-cimasa Alfonso Cimasa <alfonso.cimasa@nttdata.com>
alias alfredo-benso Alfredo Benso <alfredo.benso@polito.it>
alias alfredo-ponissi Alfredo Ponissi <alfredoponissi@gmail.com>
alias alice-crosetti Alice Crosetti <alice@bmumusic.com>
alias alicubi1alicubi-srl Alicubi1 Alicubi Srl <e6054@guest.italiaonline.it>
alias ambudavidetelematica-informatica Ambu Davide (Telematica Informatica) <Ambu.Davide@guest.italiaonline.it>
alias amministrazione-personale Amministrazione Personale <Amministrazione.Personale@italiaonline.it>
alias andrea-abrami Andrea Abrami <abrami@cutaway.it>
alias andrea-cannizzaro Andrea Cannizzaro <andrea.cannizzaro@redomino.com>
alias andrea-gori Andrea Gori <djgori@alice.it>
alias andrea-grana Andrea Grana <andrea.grana92@gmail.com>
alias andrea-margiotta Andrea Margiotta <djmargiotta@gmail.com>
alias andrea-micolucci Andrea Micolucci <brinchdrum@gmail.com>
alias andrea-passador Andrea Passador <pax489@yahoo.it>
alias andrea-pocoroba Andrea Pocoroba <pocosandrea@gmail.com>
alias andrea-raffaeli Andrea Raffaeli <dscreamer@gmail.com>
alias andrea-scarscelli Andrea Scarscelli <andrea.scarscelli@facebook.com>
alias andrea-soncin Andrea Soncin <andrea.soncin@here.com>
alias andrea-trogolo Andrea Trogolo <andrea.trogolo@irion.it>
alias andrea-trogolo Andrea Trogolo <trogolo.andrea@gmail.com>
alias andreacazzanti   <andreacazzanti@soluzioniartistiche.it>
alias andreadegiorgiliberoit   <andreadegiorgi@libero.it>
alias andreas-hoelzl Andreas Hoelzl <ahoelzl@apple.com>
alias andreotti-mario Andreotti Mario <Mario.Andreotti@italiaonline.it>
alias andrew-university Andrew University <ao@crmav.com>
alias angela-renda Angela Renda <info.sacripante@gmail.com>
alias angelillo-eugenio Angelillo, Eugenio <Eugenio.Angelillo@nttdata.com>
alias angelo-croatti Angelo Croatti <a.croatti@unibo.it>
alias angelone-edoardo Angelone, Edoardo <eangelon@amazon.it>
alias angolo-copia Angolo Copia <angolodellacopia@gmail.com>
alias animando-snc ANIMANDO S.n.c. <info@animando.it>
alias anna-freda Anna Freda <anna.freda@live.it>
alias anna-gadaleta Anna Gadaleta <anna.gadaleta@polito.it>
alias annaisabella-fratellanza Anna Isabella Fratellanza <AFratellanza@mauijim.com>
alias annunziata-martiello Annunziata Martiello <annunziata.martiello@italiaonline.it>
alias antonacci-grazia Antonacci Grazia <Grazia.Antonacci@italiaonline.it>
alias antonella-italia Antonella Italia <antonella_italia@alice.it>
alias antonella-marti Antonella Marti <Antonella.Marti@bizpal.it>
alias antonelli-luca Antonelli Luca <Luca.Antonelli@italiaonline.it>
alias antonino-cicciari Antonino Cicciari <antoniocicciari@hotmail.com>
alias antonino-salerno Antonino Salerno <antonino.salerno@alice.it>
alias antonio-attanasio Antonio Attanasio <attanasio@ismb.it>
alias antonio-lantieri Antonio Lantieri <antonio.lantieri@polito.it>
alias antonio-mazzei Antonio Mazzei <mazzei@celi.it>
alias antonio-raiola Antonio Raiola <t.rai@live.it>
alias antonio-vitolo Antonio Vitolo <f5016@guest.italiaonline.it>
alias antonio.attanasio   <antonio.attanasio@polito.it>
alias antonio.servetti   <antonio.servetti@polito.it>
alias antony-mistretta Antony Mistretta <antony.mistretta@seat.it>
alias anupam-maurya Anupam Maurya <anmaur@microsoft.com>
alias api   <api@duda.co>
alias apisupport   <apisupport@yext.com>
alias aquilino-flaviano Aquilino Flaviano <Flaviano.Aquilino@italiaonline.it>
alias arado-claudio Arado Claudio <Claudio.Arado@italiaonline.it>
alias arcote-atelier Arcote Atelier <info@arcote.com>
alias ardente-paolo Ardente, Paolo <Paolo.Ardente@nttdata.com>
alias arrigoni-claudia Arrigoni Claudia <Claudia.Arrigoni@italiaonline.it>
alias assicurazione-genialloyd Assicurazione Genialloyd <sostituzioni@genialloyd.it>
alias assistenza   <assistenza@pixel.it>
alias assistenza.cassaitaliaonline   <assistenza.cassaitaliaonline@previmedical.it>
alias assistenza.salute   <assistenza.salute@csi.it>
alias assistenza_ib   <assistenza_ib@sella.it>
alias assistenzamiur   <assistenzamiur@cineca.it>
alias associazione-europa Associazione Europa <apiceuropa@gmail.com>
alias associazione-onlus Associazione Onlus <kons.onlus@libero.it>
alias auriemma-domenico Auriemma Domenico <d.auriemma@reply.it>
alias auriemmadomenicotechnology-reply Auriemma Domenico (Technology Reply) <Auriemma.Domenico@guest.italiaonline.it>
alias avala-sai Avala, Sai <saia@amazon.com>
alias avallone-massimiliano Avallone Massimiliano <massimiliano.avallone@nttdata.com>
alias axel scarpulla 1®\\<\®\®	 k m/ k11 x yn>yy-m9vk Axel Scarpulla 1®\\<\®\®	 K M/ K11 X YN>YY M9VK <scarpulla.axel@hotmail.it>
alias balmamion-mauro Balma Mion Mauro <Mauro.BalmaMion@italiaonline.it>
alias bandieri-giovanni Bandieri Giovanni <Giovanni.Bandieri@italiaonline.it>
alias baranello-marina Baranello Marina <Marina.Baranello@italiaonline.it>
alias barbara-tassi Barbara Tassi <barbara.tassi@italiaonline.it>
alias barbara.catania   <barbara.catania@unige.it>
alias barbini-federico Barbini Federico <Federico.Barbini@italiaonline.it>
alias bardella-marco Bardella Marco <marco.bardella@italiaonline.it>
alias barigelli-margherita Barigelli Margherita <Margherita.Barigelli@italiaonline.it>
alias barnava-davide Barnava Davide <Davide.Barnava@italiaonline.it>
alias baroncini-nadia Baroncini Nadia <Nadia.Baroncini@italiaonline.it>
alias barp-marco Barp Marco <Marco.Barp@italiaonline.it>
alias basile-raffaele Basile Raffaele <Raffaele.Basile@italiaonline.it>
alias basolo-gioielli Basolo Gioielli <basolo@bellitti.eu>
alias bassetta-alessandro Bassetta, Alessandro <Alessandro.Bassetta@nttdata.com>
alias battaglia-roberto Battaglia Roberto <Roberto.Battaglia@italiaonline.it>
alias battistella-carlo Battistella Carlo <Carlo.Battistella@italiaonline.it>
alias becchioandrea   <becchioandrea@gmail.com>
alias becuzzi-primo Becuzzi Primo <Primo.Becuzzi@italiaonline.it>
alias bellinetti-barbara Bellinetti Barbara <Barbara.Bellinetti@italiaonline.it>
alias belponte-massimiliano Belponte Massimiliano <Massimiliano.Belponte@italiaonline.it>
alias beniamino-de petris Beniamino De Petris <bendepetris@gmail.com>
alias beniamino-fuoco Beniamino Fuoco <Beniamino.Fuoco@italiaonline.it>
alias beppe-serafino Beppe Serafino <sefa.pc@libero.it>
alias bernabei-michele Bernabei Michele <michelebernabei@gmail.com>
alias bernhard-friedrichs Bernhard Friedrichs <bernhard.friedrichs@uberall.com>
alias bertinetto-angela Bertinetto Angela <Angela.Bertinetto@italiaonline.it>
alias bertolanilucio-valerio Bertolani Lucio Valerio <LucioValerio.Bertolani@italiaonline.it>
alias biagio-orlandi biagio orlandi <biajor@fastwebnet.it>
alias bianchi-davide Bianchi Davide <Davide.Bianchi@italiaonline.it>
alias bianco-federica Bianco, Federica <Federica.Bianco@nttdata.com>
alias bingplaces-dri Bing Places DRI <stcibpdri@microsoft.com>
alias bioritmo-ufficio-comunicazione Bioritmo Ufficio Comunicazione <simona.ditullio@gmail.com>
alias blessing-onyeche Blessing Onyeche <blecnsonia@gmail.com>
alias boerog_supporto   <boerog_supporto@italiaonline.it>
alias boidi-pietro Boidi Pietro <pboidi@consodata.it>
alias bona-michele Bona Michele <Michele.Bona@italiaonline.it>
alias bona-rinaldo Bona, Rinaldo <Rinaldo.Bona@nttdata.com>
alias bonella-katia Bonella Katia <Katia.Bonella@italiaonline.it>
alias bonettimaurotechnology-reply Bonetti Mauro (Technology Reply) <Bonetti.Mauro@guest.italiaonline.it>
alias bonomi-andrea Bonomi Andrea <Andrea.Bonomi@italiaonline.it>
alias bontaserena-pierangela Bonta' Serena Pierangela <serenapierangela.bonta'@italiaonline.it>
alias bontempi-dario Bontempi Dario <Dario.Bontempi@italiaonline.it>
alias borsani-paolo Borsani, Paolo <Paolo.Borsani@nttdata.com>
alias bortonepier-paolo Bortone Pier Paolo <Pierpaolo.Bortone@italiaonline.it>
alias bossi-laura Bossi Laura <Laura.Bossi@italiaonline.it>
alias bottega-fabio Bottega Fabio <Fabio.Bottega@dls.italiaonline.it>
alias botto-emilio Botto Emilio <emilio.botto@italiaonline.it>
alias bovolon-paola Bovolon Paola <Paola.Bovolon@italiaonline.it>
alias brambilla-cristian Brambilla Cristian <Cristian.Brambilla@italiaonline.it>
alias brandonisio-stefania Brandonisio Stefania <Stefania.Brandonisio@italiaonline.it>
alias brianza-blues Brianza Blues <giobudello@brianzablues.it>
alias broccoli-nico Broccoli Nico <Nico.Broccoli@italiaonline.it>
alias broussard-monica Broussard Monica <Monica.Broussard@italiaonline.it>
alias bruno-cutrullà Bruno Cutrullà <cutru2001@yahoo.it>
alias buda-simone Buda Simone <simone.buda@italiaonline.it>
alias buoso-davide Buoso, Davide <Davide.Buoso@nttdata.com>
alias cagliero-luca CAGLIERO LUCA <d023058@polito.it>
alias camandona-giorgia Camandona Giorgia <Giorgia.Camandona@italiaonline.it>
alias cambiaso-francesco Cambiaso Francesco <Francesco.Cambiaso@italiaonline.it>
alias camilla-borgna Camilla Borgna <camilla.borgna@gmail.com>
alias campanella-omar Campanella Omar <Omar.Campanella@dls.italiaonline.it>
alias campisi-stefania Campisi Stefania <Stefania.Campisi@aizoon.it>
alias candianiandrea-francesco Candiani Andrea Francesco <AndreaFrancesco.Candiani@italiaonline.it>
alias cannella-giuseppe Cannella Giuseppe <Giuseppe.Cannella@italiaonline.it>
alias cantisano-francesco Cantisano Francesco <francesco.cantisano@italiaonline.it>
alias carboni-fabio Carboni Fabio <fabio.carboni@italiaonline.it>
alias carlo-di perrero Carlo di Perrero <c.buffa@promoturviaggi.it>
alias carlo-girardi Carlo Girardi <fajo.enslow@gmail.com>
alias carmela-indomenico Carmela Indomenico <carmela.indomenico@infogroup.it>
alias carmelosantangelo.mics   <carmelosantangelo.mics@abramo.com>
alias carmenini-alessandro Carmenini Alessandro <alessandro.carmenini@italiaonline.it>
alias carola-cacciatore Carola Cacciatore <carola.cacciatore@vanitytop.it>
alias caroline-tien Caroline Tien <ctien@apple.com>
alias carrai-emanuele Carrai Emanuele <Emanuele.Carrai@italiaonline.it>
alias carrozzeria-cottin Carrozzeria Cottin <car.cottin@gmail.com>
alias caruso-andrea Caruso Andrea <andrea.caruso@nttdata.com>
alias caruso-tania Caruso Tania <Tania.Caruso@italiaonline.it>
alias cassa-iol Cassa IOL <cassa.iol@italiaonline.it>
alias castellani-manuela Castellani Manuela <Manuela.Castellani@italiaonline.it>
alias castelli-stefano Castelli Stefano <Stefano.Castelli@italiaonline.it>
alias castrogiovanni-dario Castrogiovanni Dario <Dario.Castrogiovanni@italiaonline.it>
alias catapano-fabrizio Catapano Fabrizio <Fabrizio.Catapano@italiaonline.it>
alias cati-massimo Cati Massimo <mcati@consodata.it>
alias cattaneo-simone Cattaneo Simone <Simone.Cattaneo@italiaonline.it>
alias cavallini-massimo Cavallini Massimo <Massimo.Cavallini@italiaonline.it>
alias cavallotto-sergio Cavallotto Sergio <Sergio.Cavallotto@italiaonline.it>
alias cellai-giacomo Cellai Giacomo <Giacomo.Cellai@italiaonline.it>
alias centro per l'impiego-settimo e volpiano Centro Per L'Impiego Settimo E Volpiano <preselezione_settimo@provincia.torino.it>
alias centro-poli Centro Poli <politecnico@centrostampapolitecnico.com>
alias ceppetelli-massimo Ceppetelli Massimo <Massimo.Ceppetelli@dls.italiaonline.it>
alias cesarano-giuseppe Cesarano Giuseppe <Giuseppe.Cesarano@guest.italiaonline.it>
alias cesarano-giuseppe Cesarano, Giuseppe <Giuseppe.Cesarano@nttdata.com>
alias cesare-covezzi Cesare Covezzi <music@iltaurus.com>
alias cesare-fabio Cesare Fabio <Fabio.Cesare@italiaonline.it>
alias chandrakanthpatelzen3infosolutionsprivate-ltd Chandrakanth Patel (ZEN3 Infosolutions Private Ltd) <v-chap@microsoft.com>
alias chiara-panaz Chiara Panaz <patoooo@hotmail.it>
alias chiaramaria-laiso Chiara Maria Laiso <ChiaraMaria.Laiso@pagepersonnel.it>
alias chiarelli-ester Chiarelli Ester <Ester.Chiarelli@italiaonline.it>
alias chiusano-silvia Chiusano Silvia <silvia.chiusano@polito.it>
alias christian-rossatto Christian Rossatto <christian.rossatto@facebook.com>
alias christian-russano Christian Russano <Russano.christian@gmail.com>
alias cicalese-letizia Cicalese Letizia <Letizia.Cicalese@italiaonline.it>
alias cimasa-alfonso Cimasa, Alfonso <Alfonso.Cimasa@nttdata.com>
alias cisaro-alessandro Cisaro Alessandro <cisaroalessandro@gmail.com>
alias cla.ingegneria   <cla.ingegneria@polito.it>
alias claudio-arado Claudio Arado <claudio.arado@italiaonline.it>
alias claudio-arnolfo Claudio Arnolfo <claudio.arnolfo@irion.it>
alias claudio-cattero Claudio Cattero <claudiocattero@tin.it>
alias claudio-ferrero Claudio Ferrero <claudio.ferrero@gmail.com>
alias claudio-giunta Claudio Giunta <claudiogiunta@hotmail.it>
alias claudio-perelli Claudio Perelli <claudioperelli62@gmail.com>
alias clerici-gaia Clerici Gaia <Gaia.Clerici@italiaonline.it>
alias cocco-michele Cocco Michele <Michele.Cocco@italiaonline.it>
alias collardo-arianna Collardo Arianna <Arianna.Collardo@italiaonline.it>
alias colombo-fabio Colombo Fabio <Fabio.Colombo@italiaonline.it>
alias colonna-federico Colonna Federico <Federico.Colonna@italiaonline.it>
alias comastri-simone Comastri, Simone <Simone.Comastri@nttdata.com>
alias comunedi-torino Comune di Torino <assicurazioni@cert.comune.torino.it>
alias conservatorio-verdi Conservatorio Verdi <info@pec.conservatoriotorino.eu>
alias conte-viviana Conte Viviana <Viviana.Conte@italiaonline.it>
alias contecristian-cutaway Conte Cristian (Cutaway) <Conte.Cristian@guest.italiaonline.it>
alias coppola-alfonso Coppola, Alfonso <Alfonso.Coppola@nttdata.com>
alias coppola-michelina Coppola Michelina <mcoppola@consodata.it>
alias corporate   <corporate@italiaonline.it>
alias cortassa-deborah Cortassa Deborah <f4582@guest.italiaonline.it>
alias costantini-giacomo Costantini, Giacomo <giacomc@amazon.it>
alias costantino-fanelli Costantino Fanelli <costantino1979@yahoo.it>
alias crawler   <crawler@italiaonline.it>
alias cristian-camusso Cristian Camusso <cristian.camusso@polito.it>
alias cristina-chiriotti Cristina Chiriotti <cristina.chiriotti@gmail.com>
alias cristina-ramat Cristina Ramat <cristina.ramat@gmail.com>
alias cristina-sn Cristina SN <cristinagiardinapapa@gmail.com>
alias cristofori-matteo Cristofori, Matteo <Matteo.Cristofori@nttdata.com>
alias csp CSP  <borsediricerca@csp.it>
alias cucci-stefano Cucci Stefano <Stefano.Cucci@italiaonline.it>
alias cuneaz-fabio Cuneaz Fabio <Fabio.Cuneaz@italiaonline.it>
alias cuollo-fabrizio Cuollo, Fabrizio <Fabrizio.Cuollo@nttdata.com>
alias curriculum   <Curriculum@previnet.it>
alias curti-fabio Curti Fabio <Fabio.Curti@italiaonline.it>
alias customerservice-italy Customer Service Italy <csitaly@mauijim.com>
alias cybersecurity   <CyberSecurity@staff.italiaonline.it>
alias dalgrandevittoriatechnology-reply Dal Grande Vittoria (Technology Reply) <DalGrande.Vittoria@guest.italiaonline.it>
alias dambrosio-michael Dambrosio Michael <michael.dambrosio@italiaonline.it>
alias dambrosiomaria-rosaria D'Ambrosio Maria Rosaria <MariaRosaria.D'ambrosio@italiaonline.it>
alias damiano.carra   <damiano.carra@univr.it>
alias daniel-porcu Daniel Porcu <daniel.porcu@gmail.com>
alias daniela.fusero   <daniela.fusero@sodexo.com>
alias daniele Daniele  <tortugapub16@live.it>
alias daniele-apiletti Daniele Apiletti <daniele.apiletti@polito.it>
alias daniele-bassi Daniele Bassi <pacoliba@gmail.com>
alias daniele-bergese Daniele Bergese <danilux78@hotmail.com>
alias daniele-chiriotti Daniele Chiriotti <dany.chirio@hotmail.it>
alias daniele-fuggetta Daniele Fuggetta <daniele.fuggetta@gmail.com>
alias daniele-pitarresi Daniele Pitarresi <cuparo@gmail.com>
alias daniele-pitarresi Daniele Pitarresi <pitarresi.daniele@facebook.com>
alias daniele-pullini Daniele Pullini <daniele.pullini@gmail.com>
alias daniele-rizzi Daniele Rizzi <daniele.rizzi@italiaonline.it>
alias daniele1988r daniele1988r@gmail.com  <daniele1988r@gmail.com>
alias danilo-boldi Danilo Boldi <danilo.boldi@irion.it>
alias danilo-palermo Danilo Palermo <danilsan@gmail.com>
alias dario-benedetto Dario Benedetto <benedettodario@hotmail.com>
alias dario-consoli Dario Consoli <darius.consoli@gmail.com>
alias dario-delay Dario Delay <dardelay@gmail.com>
alias dario-scopesi Dario Scopesi <dario.scopesi@gmail.com>
alias david.gogat   <david.gogat@prontopro.it>
alias davide-bono Davide Bono <davide.bono.db@gmail.com>
alias davide-cambursano Davide Cambursano <davidein4@yahoo.it>
alias davide-dispenza Davide Dispenza <davide.dispenza@aizoon.it>
alias davide-giugno Davide Giugno <dvdkeef@hotmail.it>
alias davide-massa Davide Massa <dama.massa@gmail.com>
alias davide-pirola Davide Pirola <davide.pirola@italiaonline.it>
alias davide-pozzolo Davide Pozzolo <david.dalpoz@gmail.com>
alias davide-rossi Davide Rossi <d.rossi33@gmail.com>
alias davide-scimone Davide Scimone <davide.scimone@aemnet.torino.it>
alias davide-tortuga Davide Tortuga <tortugapub16@live.it>
alias davide-valfr 'Davide Valfré' <davide@bmumusic.com>
alias davidebuosocertimetergroupcom   <davide.buoso@certimetergroup.com>
alias dbatech   <dbatech@italiaonline.it>
alias deepmindsamazoncom   <deepminds@amazon.com>
alias defazio-massimo De Fazio Massimo <Massimo.Defazio@italiaonline.it>
alias delmoro-lucia Delmoro Lucia <Lucia.Delmoro@italiaonline.it>
alias delpio-barbara Del Pio Barbara <Barbara.Delpio@italiaonline.it>
alias demarchi-sonia De Marchi Sonia <sonia.demarchi@italiaonline.it>
alias denny-marullo Denny Marullo <dennymarullo@yahoo.it>
alias desantismarco-cutaway DeSantis Marco (Cutaway) <DeSantis.Marco@guest.italiaonline.it>
alias desideri-riccardo Desideri Riccardo <Riccardo.Desideri@italiaonline.it>
alias dev_areaclienti   <dev_areaclienti@italiaonline.it>
alias didie-caria Didie Caria <contactdidie@gmail.com>
alias didier-bonnet Didier Bonnet <Didier.Bonnet@europages.com>
alias diego-coletti Diego Coletti <cmdimpiantielettrici@gmail.com>
alias diego-coletti Diego Coletti <diegodrum80@alice.it>
alias diego-grassedonio Diego Grassedonio <info@diegograssedonio.com>
alias diego-occelli Diego Occelli <diego.occelli@alice.it>
alias difilippo-emiliano Di Filippo Emiliano <Emiliano.DiFilippo@italiaonline.it>
alias dipisadainamaria-angela Di Pisa Daina Maria Angela <DainaMariaAngela.DiPisa@dls.italiaonline.it>
alias dippolitotommasoaubayresearch D'Ippolito Tommaso (Aubay Research ) <tommaso.dippolito@guest.italiaonline.it>
alias dipsie   <dipsie84@gmail.com>
alias direzioneartistica   <direzioneartistica@estemporanea.eu>
alias distasiomaria-cristina Di Stasio Maria Cristina <MariaCristina.DiStasio@italiaonline.it>
alias docdentarie   <docdentarie@previmedical.it>
alias domenico-caputo Domenico Caputo <domeni.caputo86@gmail.com>
alias domenico-de fazio Domenico De Fazio <domenico.dfz@gmail.com>
alias donatella-bella Donatella Bella <donutella67@libero.it>
alias donato-stolfi Donato Stolfi <donatostolfi@yahoo.it>
alias doriano-giuglardi Doriano Giuglardi <d.giuglardi@alice.it>
alias doronzo-sonia Doronzo Sonia <Sonia.Doronzo@italiaonline.it>
alias dott.-savio Dott. Savio <segreteria@erikasavio.com>
alias duchen-david Duchen, David <dduchen@amazon.com>
alias duggento-riccardo D'Uggento Riccardo <Riccardo1.Duggento@dls.italiaonline.it>
alias durante-marco Durante Marco <Marco.Durante@italiaonline.it>
alias duregon-gilberto Duregon Gilberto <Gilberto.Duregon@italiaonline.it>
alias easyconferences-support Easyconferences Support <support@easyconferences.org>
alias edbtschool2017   <edbtschool2017@dibris.unige.it>
alias edoardo-bersano Edoardo Bersano <sandinista90@hotmail.it>
alias edoardo-pascale Edoardo Pascale <tremolo1978@libero.it>
alias egidio-carlomagno Egidio Carlomagno <egidio.carlomagno@animando.it>
alias egle-romagnolli Egle Romagnolli <egle.romagnolli@irion.it>
alias elena-baralis Elena Baralis <Email:	elena.baralis@polito.it>
alias elena-baralis Elena Baralis <elena.baralis@polito.it>
alias elena-daraio Elena Daraio <elena.daraio@polito.it>
alias elena-dogliani Elena Dogliani <ele.dodo@alice.it>
alias elena-torretta Elena Torretta <torretta@collegioeinaudi.it>
alias elena.kozmina   <elena.kozmina@gmail.com>
alias eleonora-amerio Eleonora Amerio <gualtieromarangoni@yahoo.it>
alias eliana   <eliana.lomoro@gmail.com>
alias eliana-lo moro Eliana Lo Moro <eliana.lomoro@gmail.com>
alias eliana-vasques Eliana Vasques <eliana.vasques@gmail.com>
alias elisa-corona Elisa Corona <absolutelydance@gmail.com>
alias elisa-luberto Elisa Luberto <elisa.luberto@nttdata.com>
alias elisabeth-kurek Elisabeth Kurek <elisabeth.kurek@uberall.com>
alias emanuele-cisi Emanuele Cisi <emanuelecisi@gmail.com>
alias emanuele-franco Emanuele Franco <emanuele@ideea.it>
alias emanuele-ricupero Emanuele Ricupero <emanuele.ricupero54@gmail.com>
alias emanuele.ricupero54   <emanuele.ricupero54@gmail.com>
alias emas21   <emas21@libero.it>
alias emiliana-borello Emiliana Borello <emilianarita@gmail.com>
alias emiliano-piccirilli Emiliano Piccirilli <bigpromotion1@tin.it>
alias emilio-bernè Emilio Bernè <emilioberne@libero.it>
alias emily-wenzel Emily Wenzel <ewenzel@yext.com>
alias enrica-sala enrica sala <enri18377@yahoo.it>
alias enrico-beltramo Enrico Beltramo <beltramo@lanponet.it>
alias enrico-cicconi Enrico Cicconi <enrico.cicconi@gmail.com>
alias enrico-negro Enrico Negro <enriconegro80@libero.it>
alias enrico-serra Enrico Serra <info@tecnoimmagini.it>
alias enrico-zogno Enrico Zogno <enrico.zogno@irion.it>
alias enrico-zogno Enrico Zogno <enrico.zogno@libero.it>
alias enza-scannella Enza Scannella <enza.scannella@consorziobacino16.it>
alias enzo-mancino Enzo Mancino <mancio10.enzo@libero.it>
alias eprice-care ePRICE Care <servizioassistenza@eprice.it>
alias eric-hobein Eric Hobein <Eric.Hobein@europages.com>
alias erik-calvo Erik Calvo <miscela.management@gmail.com>
alias esperti.inglese   <esperti.inglese@polito.it>
alias essemusic-store Essemusic Store <essemusic@essemusic.it>
alias eu.-com EU. com <eu@musicianuniversity.com>
alias eva-castiglione Eva Castiglione <gea.castiglione@gmail.com>
alias evangelista-pietro Evangelista Pietro <Pietro.Evangelista@italiaonline.it>
alias evelina-corso Evelina Corso <evelina.dicorso@polito.it>
alias f.pitzianti@gmail.com   <f.pitzianti@gmail.com>
alias f4634   <f4634@guest.italiaonline.it>
alias f4942   <f4942@guest.italiaonline.it>
alias f5016   <f5016@guest.italiaonline.it>
alias f5036   <f5036@guest.italiaonline.it>
alias fabbri-umberto Fabbri Umberto <Umberto.Fabbri@dls.italiaonline.it>
alias fabercatapanogmailcom   <faber.catapano@gmail.com>
alias fabio-bonfanti Fabio Bonfanti <fabio_bbonfa@libero.it>
alias fabio-cesare Fabio Cesare <fabcesare@gmail.com>
alias fabio-de nicolo Fabio De Nicolo <mr.skunk@libero.it>
alias fabio-dellepiane Fabio Dellepiane <accoglienza@collegioemiliani.it>
alias fabio-durso Fabio DUrso <FDUrso@mauijim.com>
alias fabio-fortunati Fabio Fortunati <fabio_fortunati@yahoo.it>
alias fabio-lanzafame Fabio Lanzafame <f.rochembach@gmail.com>
alias fabio-lopez Fabio Lopez <iam.fabio.lopez@gmail.com>
alias fabio-pulvirenti Fabio Pulvirenti <fabio.pulvirenti@polito.it>
alias fabio-quatraro Fabio Quatraro <f.quatraro@westhouse.it>
alias fabio-sasso Fabio Sasso <f.sasso.tp@gmail.com>
alias fabio.pignataro   <fabio.pignataro@rpvoice.it>
alias fabiogmassacutaway-19 Fabio G. Massa (CutAway 19) <fabio.massa@guest.italiaonline.it>
alias fabotti-gabriella Fabotti Gabriella <Gabriella.Fabotti@italiaonline.it>
alias fabrizio-bin Fabrizio Bin <bin.fabrizio@pitagoraspa.it>
alias fabrizio-catapano Fabrizio Catapano <faber.catapano@gmail.com>
alias fabrizio-crippa Fabrizio Crippa <fabrizio.crippa@labso.it>
alias fabrizio-einaudi Fabrizio Einaudi <vicious087@yahoo.it>
alias fabrizio-moi Fabrizio Moi <remixtorino@hotmail.it>
alias fabrizio-sanna Fabrizio Sanna <fabsanna@gmail.com>
alias fabrizio-testa Fabrizio Testa <fabriziotesta71@gmail.com>
alias farinato-elisabetta Farinato Elisabetta <f5639@guest.italiaonline.it>
alias fascetti-andrea Fascetti Andrea <Andrea.Fascetti@italiaonline.it>
alias fava-leonardo Fava Leonardo <Leonardo.Fava@italiaonline.it>
alias favetti-sebastian Favetti Sebastian <Sebastian.Favetti@italiaonline.it>
alias ferraropelle-arturo Ferraro Pelle Arturo <Arturo.FerraroPelle@italiaonline.it>
alias festival-collisioni Festival Collisioni <crana@arci.it>
alias filippello-luca Filippello Luca <f5589@guest.italiaonline.it>
alias fillia-mario Fillia Mario <arch.fillia@acquablu.it>
alias filloramo-daiana Filloramo Daiana <Daiana.Filloramo@italiaonline.it>
alias fini-filippo Fini Filippo <Filippo.Fini@dls.italiaonline.it>
alias fitbitsupportfitbitcom   <fitbit-support@fitbit.com>
alias fogliaro-nicola Fogliaro Nicola <Nicola.Fogliaro@italiaonline.it>
alias fogola-alberto Fogola Alberto <Alberto.Fogola@italiaonline.it>
alias francesca-brigante Francesca Brigante <francesca.brigante@sella.it>
alias francesco-bonarrigo Francesco Bonarrigo <kikkus79@yahoo.it>
alias francesco-brancato Francesco Brancato <francbranc.dr@gmail.com>
alias francesco-fronte Francesco Fronte <fronte@gmail.com>
alias francesco-liistro Francesco Liistro <francesco.liistro@srpro.net>
alias francesco-molinari Francesco Molinari <molinari.francesco@gmail.com>
alias francesco-palozzo Francesco Palozzo <francesco.palozzo@libero.it>
alias francesco-scarpulla Francesco Scarpulla <leroi.music@alice.it>
alias francesco-ventura Francesco Ventura <francesco.ventura@polito.it>
alias franco-andrea Franco Andrea <Andrea.Franco@italiaonline.it>
alias franco-mana Franco Mana <franco.mana@nuance.co>
alias franco-mana Franco Mana <franco.manamana@gmail.com>
alias frassi-stefano Frassi Stefano <Stefano.Frassi@italiaonline.it>
alias frigerio-chiara Frigerio Chiara <Chiara.Frigerio@italiaonline.it>
alias fulvio-risso Fulvio Risso <fulvio.risso@polito.it>
alias furiosi-alessandro Furiosi Alessandro <Alessandro.Furiosi@italiaonline.it>
alias gabriele-dresdo Gabriele Dresdo <gabriele@dresdo.it>
alias gabriele-giordana Gabriele Giordana <gabriele.giordana@irion.it>
alias gabriele-luttino gabriele luttino <gabriele.luttino@gmail.com>
alias gabriele-porqueddu Gabriele Porqueddu <gabriele.porqueddu@gmail.com>
alias gabriella-tiranti Gabriella Tiranti <gabriella.tiranti@italiaonline.it>
alias gallazzi-andrea Gallazzi Andrea <Andrea.Gallazzi@italiaonline.it>
alias gallelia GallElia  <gallelia@alice.it>
alias galoppo-salvatore Galoppo Salvatore <Salvatore.Galoppo@nttdata.com>
alias gandini-maurizio Gandini Maurizio <Maurizio.Gandini@italiaonline.it>
alias garante-polito Garante Polito <Garante.studenti@polito.it>
alias garrinellamichele-angelo Garrinella Michele Angelo <MicheleAngelo.Garrinella@italiaonline.it>
alias garzia-adriano Garzia Adriano <Adriano.Garzia@italiaonline.it>
alias gautam-sahgal Gautam Sahgal <sahgal.gautam@gmail.com>
alias gay-barbara Gay Barbara <Barbara.Gay@italiaonline.it>
alias gazzera-andrea Gazzera Andrea <andrea.gazzera@nttdata.com>
alias genesin-mauro Genesin Mauro <Mauro.Genesin@italiaonline.it>
alias gennari-fabrizio Gennari Fabrizio <gennari.fabrizio@virgilio.it>
alias gennari.fabrizio   <gennari.fabrizio@virgilio.it>
alias ghisellini-marco Ghisellini Marco <marco.ghisellini@italiaonline.it>
alias giacchi-roberto Giacchi Roberto <Roberto.Giacchi@italiaonline.it>
alias giacomo-gallo Giacomo Gallo <Giacomo.Gallo@italiaonline.it>
alias giallombardo-emanuele Giallombardo Emanuele <emanuele.giallombardo@nttdata.com>
alias giamporcaro-manuela Giamporcaro Manuela <Manuela.Giamporcaro@italiaonline.it>
alias giancarlo-basile Giancarlo Basile <krianza82@gmail.com>
alias giancarlo-schiaffini Giancarlo Schiaffini <Skiaffo@fastweb.it>
alias giandomenico-cavaletto Giandomenico Cavaletto <giandomenico.cavaletto@marachellagruppo.it>
alias gianfranco-durin Gianfranco Durin <g.durin@inrim.it>
alias gianfranco-gmail Gianfranco gmail <gianfranco.veneziano@gmail.com>
alias gianluca-olivero Gianluca Olivero <gianlu.olivero@gmail.com>
alias gianluca-oria Gianluca Oria <petitgian@hotmail.it>
alias gianmaria-ferrario Gianmaria Ferrario <ferrario.gian@virgilio.it>
alias gianni-santerini Gianni Santerini <Gianni.Santerini@italiaonline.it>
alias gianpaolo-accossato Gianpaolo Accossato <torino10@ageallianz.it>
alias gianpiero-fici Gianpiero Fici <gianpiero.fici@telelecomitalia.it>
alias gigi-di gregorio Gigi Di Gregorio <gigi.digregorio@libero.it>
alias gilberto-maina Gilberto Maina <gilbertomaina@gmail.com>
alias gino-padoan Gino Padoan <gpadoan@gmail.com>
alias giorgia-piras Giorgia Piras <giorgia.piras@10eventi.it>
alias giorgia-vitiello Giorgia Vitiello <Giorgia.Vitiello@italiaonline.it>
alias giorgio-margaro Giorgio Margaro <giorgio.margaro@gmail.com>
alias giorgio-masieri Giorgio Masieri <masieri.giorgio@yahoo.it>
alias giorgio-ricchezza Giorgio Ricchezza <gricchezza@evolutiva.com>
alias giorgio-sahgal Giorgio Sahgal <giorgio.sahgal@gmail.com>
alias giorgio-sirocchi Giorgio Sirocchi <gio.sirocchi@alice.it>
alias giovanna-palazzo Giovanna Palazzo <giovanna.palazzo@polito.it>
alias giovanna.guerrini   <giovanna.guerrini@unige.it>
alias giovanni-catapano Giovanni Catapano <f2952@seat.it>
alias giovanni-cusinu Giovanni Cusinu <giovanni.cusinu@libero.it>
alias giovanni-grimaldi Giovanni Grimaldi <supersolo2005@libero.it>
alias giovanni-guelfi Giovanni Guelfi <fraegio@libero.it>
alias giovanni-laporta Giovanni La Porta <laporta_giovanni@libero.it>
alias giovanni-malnati Giovanni Malnati <giovanni.malnati@polito.it>
alias giovanni-mangione Giovanni Mangione <giovanni.mangione@gmail.com>
alias giovanni-michela Giovanni Michela <giomi.giomi@gmail.com>
alias giulia-bruno Giulia Bruno <giulia.bruno@polito.it>
alias giulia-zamproni Giulia Zamproni <gzamproni@yext.com>
alias giulia-zanon Giulia Zanon <Giulia.Zanon@wyser-search.com>
alias giulia-zanon Giulia Zanon <giulia.zanon@wyser-search.com>
alias giulio-piola Giulio Piola <gaberro@libero.it>
alias giuseppe-adamo Giuseppe Adamo <giuseppe.adamo@hotmail.it>
alias giuseppe-barbagallo Giuseppe Barbagallo <barbagallo.giuseppe@gmail.com>
alias giuseppe-cannella Giuseppe Cannella <d6091@italiaonline.it>
alias giuseppe-cannella Giuseppe Cannella <giuseppe.cannella@italiaonline.it>
alias giuseppe-farella Giuseppe Farella <giuseppe.farella@datacontact.it>
alias giuseppe-gramaglia Giuseppe Gramaglia <giuseppefrancesco.gramaglia@gmail.com>
alias giuseppe-greco Giuseppe Greco <giuseppe.greco@italiaonline.it>
alias giuseppe-ricupero Giuseppe Ricupero <Giuseppe.Ricupero@italiaonline.it>
alias giuseppe-ricupero Giuseppe Ricupero <giuseppe.ricupero@gmail.com>
alias giuseppe-ricupero Giuseppe Ricupero <s122584@studenti.polito.it>
alias giuseppe-rigante Giuseppe Rigante <rigante@collegioeinaudi.it>
alias giuseppe-riggio Giuseppe Riggio <giuseppe.loriggio@italiaonline.it>
alias giuseppe.ricupero.oasis   <giuseppe.ricupero.oasis@kindle.com>
alias giuseppe.ricupero_7jmp4b   <giuseppe.ricupero_7jmp4b@kindle.com>
alias giuseppe.siragusa   <giuseppe.siragusa@italiaonline.it>
alias giuseppericupero9   <giuseppericupero9@gmail.com>
alias giuseppina-petra Giuseppina Petra <giuseppina.petra@italiaonline.it>
alias giustiniani-devis Giustiniani, Devis <Devis.Giustiniani@nttdata.com>
alias giusy-sfasciamuro Giusy Sfasciamuro <giusy.sfax@tiscali.it>
alias gloria-bianco Gloria Bianco <gloriabiancovega@gmail.com>
alias gloria-romagnoli Gloria Romagnoli <gloriaromagnoli@hotmail.it>
alias goisis-paolo Goisis Paolo <Paolo.Goisis@italiaonline.it>
alias gonnelli-gianpaolo Gonnelli Gianpaolo <g.gonnelli@reply.it>
alias gontero-individuale Gontero Individuale <gonteroassicurazioni@libero.it>
alias googlemybusiness-3p   <googlemybusiness-3p@google.com>
alias goretti-alice Goretti Alice <Alice.Goretti@italiaonline.it>
alias gottfried-marzia Gottfried Marzia <Marzia.Gottfried@italiaonline.it>
alias grandidenis-cutaway Grandi Denis (Cutaway) <Grandi.Denis@guest.italiaonline.it>
alias graziano-uliani Graziano Uliani <grazianouliani@libero.it>
alias graziano.uliani   <graziano.uliani@gmail.com>
alias greco-giuseppe Greco Giuseppe <Giuseppe.Greco@italiaonline.it>
alias grosso-orietta Grosso Orietta <Orietta.Grosso@italiaonline.it>
alias gualtiero-marangoni Gualtiero Marangoni <gualtieromarangoni@yahoo.it>
alias guarisco-costante Guarisco Costante <Costante.Guarisco@dls.italiaonline.it>
alias guarrasi-michele Guarrasi Michele <Michele.Guarrasi@italiaonline.it>
alias guglielmi-giorgia Guglielmi Giorgia <Giorgia.Guglielmi@italiaonline.it>
alias guido-costamagna Guido Costamagna <talucasa@virgilio.it>
alias guido-napolitano Guido Napolitano <guido-napolitano@alice.it>
alias hameed-horakhsh Hameed Horakhsh <hhorakhsh@google.com>
alias hotelabelpensionbudapesttramite-bookingcom Hotel Abel Pension Budapest tramite Booking.com <2199584583-j8b3.xnat.segp.7hw4@property.booking.com>
alias hr-payroll   <hr-payroll@italiaonline.it>
alias hr.management   <hr.management@italiaonline.it>
alias humanresources   <humanresources@italiaonline.it>
alias iaconocecilia-ags Iacono Cecilia (Ags) <Iacono.Cecilia@guest.italiaonline.it>
alias ian-halpern Ian Halpern <ihalpern@google.com>
alias iannuario-gabriele Iannuario Gabriele <gabriele.iannuario@italiaonline.it>
alias iceis.secretariat   <iceis.secretariat@insticc.org>
alias igor-dezzutto Igor Dezzutto <igor.lds@tiscali.it>
alias igor.lds   <igor.lds@tiscali.it>
alias il-cesco Il Cesco <info@fracesco.it>
alias ilaria-episcopo Ilaria Episcopo <iepiscopo@mauijim.com>
alias immobili   <immobili@italiaonline.it>
alias inbox   <add.task.4833.108549277.35398c78bd82fb2a@todoist.net>
alias info   <info@arcote.com>
alias info   <info@campeggiosabbiadoro.com>
alias info   <info@comune.volpiano.to.it>
alias info   <info@dimensionelive.it>
alias info   <info@funkandsoulweekender.com>
alias info   <info@ilmagazzinodigilgamesh.it>
alias info   <info@prolocodifrossasco.it>
alias info   <info@sella.it>
alias info   <info@villaebenezer.it>
alias inps-enpals) INPS Enpals) <torino.exenpals@inps.it>
alias iodice-pasquale Iodice, Pasquale <Pasquale.Iodice@nttdata.com>
alias iol-giovanni-bandieri Giovanni Bandieri <giovanni.bandieri@italiaonline.it>
alias iolbackoffice.mics   <iolbackoffice.mics@abramo.com>
alias iolconnectmultisede-offerta Iolconnect Multisede Offerta <Offerta.IolconnectMultisede@italiaonline.it>
alias iren-bolletta IREN Bolletta <clienti.to@irenmercato.it>
alias irene-gentilini Irene Gentilini <irene.gentilini@me.com>
alias irionthe-declaratives Irion - The Declaratives <thedeclaratives@irion.it>
alias isabella-rizzo Isabella Rizzo <isa.rizzo@libero.it>
alias isee-rosanna ISEE Rosanna <studiocs.rosanna@fastwebnet.it>
alias isrg-list ISRG List <isrg-subscribe@polito.it>
alias it-helpdesk it helpdesk <it.helpdesk@mybestcontact.it>
alias it.helpdesk   <it.helpdesk@mybest.contact.it>
alias italiaonline   <info@italiaonline.it>
alias itcompliance   <IT-Compliance@staff.italiaonline.it>
alias ivan-appella Ivan Appella <ivan.appella@gmail.com>
alias ivan-cazzola Ivan Cazzola <paris.texas@libero.it>
alias jagadishchandra-roy JAGADISH CHANDRA ROY <jsklroy@gmail.com>
alias janin-davide Janin Davide <davide.janin@italiaonline.it>
alias jessica-behling Jessica Behling <jbehling@google.com>
alias jessicacatherine-silcock Jessica Catherine Silcock <silcockjessica@hotmail.com>
alias jetmir-xhembulla Jetmir Xhembulla <miri.xh@gmail.com>
alias jimmy-soulful Jimmy Soulful <fvoria@yahoo.com>
alias johnny-lapio Johnny Lapio <info@arcote.com>
alias joshua-pizarro Joshua Pizarro <jpizarro@google.com>
alias juan-de martin Juan De Martin <demartin@polito.it>
alias juri-cinti Juri Cinti <juri.cinti@cgmconsulting.it>
alias kanu-morlai Kanu Morlai <Morlai.Kanu@italiaonline.it>
alias kanu-morlai Kanu Morlai <morlai.kanu@italiaonline.it>
alias katia zucco Katia Zucco  <katia@showandco.it>
alias kevin-reijnders Kevin Reijnders <kreijnders@yext.com>
alias laetitia-bauducel Laetitia Bauducel <laetitia.bauducel@europages.com>
alias laezza-vincenza Laezza Vincenza <Vincenza.Laezza@italiaonline.it>
alias langiano-daniela Langiano Daniela <Daniela.Langiano@dls.italiaonline.it>
alias lanzafami-mario Lanzafami Mario <Mario.Lanzafami@italiaonline.it>
alias lanzi-stefano Lanzi Stefano <Stefano.Lanzi@italiaonline.it>
alias larocca-matteo Larocca Matteo <Matteo.Larocca@italiaonline.it>
alias laura-gocan Laura Gocan <LGocan@mauijim.com>
alias laura-mar Laura Mar <laurabomar@libero.it>
alias laura-sargiotto Laura Sargiotto <l.sargiottto@libero.it>
alias laura-toffolet Laura Toffolet <laura.toffolet@italiaonline.it>
alias laura-zuccotti Laura Zuccotti <zuccottilaura@gmail.com>
alias laurabomar   <laurabomar@libero.it>
alias lauracutticatechnology-reply Laura Cuttica (Technology Reply) <Laura.Cuttica@guest.italiaonline.it>
alias lea-mencner Lea Mencner <nuance+email+3nmo-0df319cd69@agents.icims.com>
alias leonardo-corradazzi Leonardo Corradazzi <info@lostudiotorino.eu>
alias leonardo-landini Leonardo Landini <landini.leonardo@gmail.com>
alias leonardo-trevisan Leonardo Trevisan <leonardo.trevisan17@gmail.com>
alias leoni-tiziana Leoni Tiziana <Tiziana.Leoni@dls.italiaonline.it>
alias letizia-alessio Letizia Alessio <alessio.letizia@italiaonline.it>
alias letizia-sorrentino Letizia Sorrentino <letizia.sorrentino@gmail.com>
alias leviilan-altran Levi Ilan (Altran) <Levi.Ilan@guest.italiaonline.it>
alias lino-mei Lino Mei <lino.mei@m-w.it>
alias listerian-charles 'Lister Ian Charles' <ian.lister@polito.it>
alias livio-del maglio Livio del Maglio <ilmaglio.torino@hotmail.it>
alias loconte-sangita Loconte Sangita <Sangita.Loconte@italiaonline.it>
alias loiacono-marco Lo Iacono Marco <Marco.LoIacono@italiaonline.it>
alias lopresti-gianpaolo Lopresti Gianpaolo <Gianpaolo.Lopresti@italiaonline.it>
alias loprete-ilaria Lo Prete Ilaria <Ilaria.LoPrete@italiaonline.it>
alias lorenzo-cane Lorenzo Cane <nuclearlust@hotmail.it>
alias lorenzo-sisca Lorenzo Sisca <lorenzo.sisca@gmail.com>
alias lorenzo-valerio Lorenzo Valerio <lorenzo.valerio@iti.cnr.it>
alias lorenzo.tesio   <lorenzo.tesio@polito.it>
alias loriggio-giuseppe Lo Riggio Giuseppe <Giuseppe.LoRiggio@italiaonline.it>
alias lostiamichelentt-data Lostia Michele (NTT DATA) <Michele.Lostia@guest.italiaonline.it>
alias lovera-luigi Lovera Luigi <Luigi.Lovera@italiaonline.it>
alias luana-roselli Luana Roselli <lunatika_luana@hotmail.it>
alias luberto-elisa Luberto, Elisa <Elisa.Luberto@nttdata.com>
alias luberto.elisa   <luberto.elisa@gmail.com>
alias luc-harms Luc Harms <lharms@yext.com>
alias luc-harms Luc Harms <luc@yext.com>
alias luca-benedetto Luca Benedetto <l.benedetto89@hotmail.it>
alias luca-cagliero Luca Cagliero <luca.cagliero@polito.it>
alias luca-filippello Luca Filippello <luca.filippello@guest.italiaonline.it>
alias luca-garino Luca Garino <mgarino@inwind.it>
alias luca-mandanici Luca Mandanici <lucadoidosoul@gmail.com>
alias luca-mandanici Luca Mandanici <mandaniciluc@gmail.com>
alias luca-marchesin Luca Marchesin <funkylux@gmail.com>
alias luca-napoletano Luca Napoletano <project@8dodici.it>
alias luca-rubertelli Luca Rubertelli <brubaker@inwind.it>
alias luca-saffioti Luca Saffioti <taffio2716@gmail.com>
alias luca-venturini Luca Venturini <luca.venturini@eurecom.fr>
alias luca-venturini Luca Venturini <vl1131@gmail.com>
alias luca-zanellato Luca Zanellato <luca.zanellato@spaziogroup.com>
alias luca-zennaro Luca Zennaro <luca@bandaradan.com>
alias lucagiannese   <luca.giannese@nttdata.com>
alias lucchi-valeria Lucchi Valeria <Valeria.Lucchi@italiaonline.it>
alias lucia-barbagianni Lucia Barbagianni <lucia.barbagianni@gmail.com>
alias lucia-marino Lucia Marino <estemporanea2016@libero.it>
alias lucia-vasques Lucia Vasques <basolo@castoro.it>
alias lucia.barbagianni   <lucia.barbagianni@gmail.com>
alias luciano-devietti Luciano Devietti <luciano.devietti@gmail.com>
alias luciano.candiani   <luciano.candiani@italiaonline.it>
alias lucio-simoni Lucio Simoni <luciosimoni@hotmail.com>
alias lucio.beltrami   <lucio.beltrami@italiaonline.it>
alias lucy-criddle Lucy Criddle <lucy.criddle@uberall.com>
alias ludovico-fanelli Ludovico Fanelli <valmirlf@gmail.com>
alias luigi-lovera Luigi Lovera <luigi.lovera@italiaonline.it>
alias luigi-riba Luigi Riba <luigi.riba@irion.it>
alias luis-soulful Luis Soulful <luis@soulfultorino.it>
alias luisella-ceretta Luisella Ceretta <luisella.ceretta@comune.avigliana.to.it>
alias luisella-reolfi Luisella Reolfi <luisella.reolfi@neagen.it>
alias lumaretommaso-ags Lumare Tommaso (Ags) <Lumare.Tommaso@guest.italiaonline.it>
alias lupini-andrea Lupini Andrea <Andrea.Lupini@italiaonline.it>
alias macaluso-biagio Macaluso Biagio <Biagio.Macaluso@italiaonline.it>
alias maedhbh-bradley Maedhbh Bradley <maedbr@microsoft.com>
alias maggiolino-rosario Maggiolino Rosario <Rosario.Maggiolino@italiaonline.it>
alias magi-luca Magi Luca <Magi.Luca@guest.italiaonline.it>
alias magnabosco-chiara Magnabosco Chiara <Chiara.Magnabosco@italiaonline.it>
alias malhan-malik Malhan Malik <Malik.Malhan@italiaonline.it>
alias malickmohammed-zaheeruddin Malick, Mohammed Zaheeruddin <malickmz@amazon.com>
alias malik-malhan Malik Malhan <malik.malhan@italiaonline.it>
alias mana-franco Mana, Franco <franco.mana@nuance.com>
alias mancuso-luca Mancuso Luca <luca.mancuso@italiaonline.it>
alias mancuso-monica Mancuso Monica <Monica.Mancuso@italiaonline.it>
alias mansueto-federica Mansueto Federica <federica.mansueto@italiaonline.it>
alias mantovani-alberto Mantovani Alberto <Alberto.Mantovani2@italiaonline.it>
alias manucci-elisa Manucci Elisa <Elisa.Manucci@italiaonline.it>
alias manuela-gallocchio Manuela Gallocchio <Manuela.gallocchio@yahoo.it>
alias manuela-giamporcaro Manuela Giamporcaro <manuela.giamporcaro@italiaonline.it>
alias marani-alessandro Marani Alessandro <Alessandro.Marani@italiaonline.it>
alias maranzanimanuela-luisa Maranzani Manuela Luisa <ManuelaLuisa.Maranzani@italiaonline.it>
alias marcello-chiaraluce Marcello Chiaraluce <info@marcellochiaraluce.com>
alias marcello-fausti Marcello Fausti <f5796@guest.italiaonline.it>
alias marcello-greco Marcello Greco <marcello.greco@italiaonline.it>
alias marco-alessi Marco Alessi <marco.alessi.to@gmail.com>
alias marco-barucco Marco Barucco <marco.barucco@italiaonline.it>
alias marco-bellafiore Marco Bellafiore <bellafiore.marco92@gmail.com>
alias marco-berga Marco Berga <marco.berga@alice.it>
alias marco-bertino Marco Bertino <marco.bertino@gmail.com>
alias marco-daddezio Marco D'Addezio <marco.daddezio@edu.escpeurope.eu>
alias marco-daleo Marco D'Aleo <marco.daleo@mybestcontact.it>
alias marco-ferrero Marco Ferrero <netturbinomarco@yahoo.com>
alias marco-ghisellini Marco Ghisellini <marco.ghisellini@italiaonline.it>
alias marco-masera Marco Masera <masera.marco@gmail.com>
alias marco-meinardi Marco Meinardi <marco.meinardi@neagen.it>
alias marco-ottonello Marco Ottonello <sax.otto@yahoo.it>
alias marco-pezzutti Marco Pezzutti <pezlab56@me.com>
alias marco-pizzini Marco Pizzini <minimalhouz@gmail.com>
alias marco-waters Marco Waters <mwcalvari@gmail.com>
alias maria-barletta Maria Barletta <mariapompea.barletta@comune.torino.it>
alias maria-d'ambrosio Maria D'Ambrosio <dolcecomeilmielediambrosia@gmail.com>
alias maria-ponte Maria Ponte <maria.ponte@advancia.it>
alias maria-valentini Maria Valentini <chiara.valentini@comune.torino.it>
alias mariaantonella-migliorato MariaAntonella Migliorato <MariaAntonella.Migliorato@nttdata.com>
alias mariaeasy-conferences Maria [Easy Conferences] <maria@easyconferences.eu>
alias mariagrazia-bufalino Mariagrazia Bufalino <mariag.bufalino@gmail.com>
alias marianna-lopes Marianna Lopes <marianna.lopes@spaziogroup.com>
alias marica-faule Marica Faule <marica.faule@irion.it>
alias marina-marchisio Marina Marchisio <marina.marchisio@gmail.com>
alias marinello-roberto Marinello Roberto <Roberto.Marinello@italiaonline.it>
alias marino-giovanni Marino, Giovanni <Giovanni.Marino@nttdata.com>
alias marino-massimo Marino Massimo <Massimo.Marino@italiaonline.it>
alias mario-baldi Mario Baldi <mario-baldi@tiscali.it>
alias mario-del vino Mario Del Vino <delvino@ict-lab.info>
alias mario-musso Mario Musso <mario.musso58@libero.it>
alias mario-panseri Mario Panseri <mario.panseri@alice.it>
alias mario-parodi Mario Parodi <macparodi@libero.it>
alias mario-tedesco Mario Tedesco <mariotedesco2011@hotmail.com>
alias mario.modugno   <mario.modugno@network-contacts.it>
alias marite-kirikova Marite Kirikova <marite.kirikova@rtu.lv>
alias marquez-antonella Marquez Antonella <Antonella.Marquez@italiaonline.it>
alias marta-antolovich Marta Antolovich <mavich81@hotmail.it>
alias marta-benedetto Marta Benedetto <marta.benedetto81@gmail.com>
alias martin-pedder Martin Pedder <martin@boomerangsounds.co.uk>
alias martina-giglio Martina Giglio <marti95_g@hotmail.it>
alias mary.mcintosh   <mary.mcintosh@polito.it>
alias massafabio-cutaway Massa Fabio (Cutaway) <Massa.Fabio@guest.italiaonline.it>
alias massimiliano-golisano Massimiliano Golisano <massimilianogolisano@gmail.com>
alias massimo-dellavecchia Massimo Dellavecchia <massimo@novarajazz.org>
alias massimo-durso Massimo Durso <dursomax@gmail.com>
alias massimo-lembo Massimo Lembo <Massimo.Lembo@nttdata.com>
alias massimo-marighella Massimo Marighella <marighel@tin.it>
alias massimo-marino Massimo Marino <massimo.marino@italiaonline.it>
alias massimo-merlin Massimo Merlin <Massimo@teatrodellacaduta.org>
alias massimo-vesco Massimo Vesco <maxvesco@gmail.com>
alias massimo-visonà Massimo Visonà <maxtor@tiscali.it>
alias massimo.valenzasca   <massimo.valenzasca@italiaonline.it>
alias matei-marius Matei, Marius <Marius11.Matei@nttdata.com>
alias matilde-serrini Matilde Serrini <matildeserrini@gmail.com>
alias matteo-avalle Matteo Avalle <matteo@fluentify.com>
alias matteo-bertolotti Matteo Bertolotti <matte.aironeblu@gmail.com>
alias matteo-cocciardo Matteo Cocciardo <matteo.cocciardo@intervieweb.it>
alias matteo-frau Matteo Frau <mattrumpet@gmail.com>
alias matteo-petracca Matteo Petracca <matteo.petracca@irion.it>
alias matteosonzareordapolitoit   <matteo.sonzareorda@polito.it>
alias matteucci-gionata Matteucci Gionata <gionata.matteucci@italiaonline.it>
alias mattia-chiozzi Mattia Chiozzi <bastiano88@live.it>
alias mattia-garimanno Mattia Garimanno <mattiagarimanno@gmail.com>
alias mattia-muscatello Mattia Muscatello <mattia.muscatello@gmail.com>
alias mattia-pontonio Mattia Pontonio <mattia.pontonio2@dls.italiaonline.it>
alias mattia-salasso Mattia Salasso <mattia.salasso@certimetergroup.com>
alias mattiapontoniogmailcom   <mattia.pontonio@gmail.com>
alias mattiasalassocertimetergroupcom   <mattia.salasso@certimetergroup.com>
alias mauri-davide Mauri, Davide <Davide.Mauri@nttdata.com>
alias maurizio-castagna Maurizio Castagna <maurizio.castagna74@gmail.com>
alias maurizio-morisio Maurizio Morisio <maurizio.morisio@polito.it>
alias mauro-tuvo Mauro Tuvo <mauro.tuvo@irion.it>
alias mauro-vernetti Mauro Vernetti <mauro.vernetti@local.bizpal.it>
alias mauro.bonetti   <mauro.bonetti@guest.italiaonline.it>
alias mauropagano90   <mauropagano90@yahoo.it>
alias mazzocchi-marco Mazzocchi Marco <Marco.Mazzocchi@italiaonline.it>
alias media-five media five <mediafivesrl@gmail.com>
alias mediafivessrl   <mediafivessrl@gmail.com>
alias meglio-carlo Meglio Carlo <Carlo.Meglio@italiaonline.it>
alias mei-bruno Mei Bruno <Bruno.Mei@italiaonline.it>
alias melanieherschelipvsunistuttgartde   <melanie.herschel@ipvs.uni-stuttgart.de>
alias meli-matteo Meli Matteo <Matteo.Meli@italiaonline.it>
alias melino-marco Melino Marco <Marco.Melino@italiaonline.it>
alias melissa-giudice Melissa Giudice <m.delgiudice@consulenza-impresa.it>
alias meneghini-millo Meneghini Millo <Millo.Meneghini@italiaonline.it>
alias mereualessio-syscons Mereu Alessio (Syscons) <Mereu.Alessio@guest.italiaonline.it>
alias merighetti-giorgio Merighetti Giorgio <Giorgio.Merighetti@italiaonline.it>
alias merlogiorgia-micaela Merlo Giorgia Micaela <GiorgiaMicaela.Merlo@italiaonline.it>
alias mettola-rocco Mettola Rocco <Rocco.Mettola@italiaonline.it>
alias michelangelo-grenci Michelangelo Grenci <m.grenci@libero.it>
alias michele-anelli Michele Anelli <anelli.mikhail@gmail.com>
alias michele-anelli michele anelli <contrabbaffo@hotmail.com>
alias michele-cocco Michele Cocco <cocco.michele@gmail.com>
alias michele-miraglia Michele Miraglia <m.miraglia@reply.it>
alias michele-pernice Michele Pernice <m.pernice@reply.it>
alias micheletti-giorgio Micheletti Giorgio <Giorgio.Micheletti@italiaonline.it>
alias micol.genesio   <micol.genesio@yahoo.com>
alias milazzo-claudia Milazzo Claudia <Claudia.Milazzo@italiaonline.it>
alias millo-meneghini Millo Meneghini <millo.meneghini@italiaonline.it>
alias minio-annamaria Minio Annamaria <Annamaria.Minio@italiaonline.it>
alias mirko-barberini Mirko Barberini <mirko@partoo.it>
alias miscela-festival Miscela Festival <miscela.management@gmail.com>
alias missineo-giuseppe Missineo Giuseppe <Giuseppe.Missineo@italiaonline.it>
alias mohammad-kavoosifar Mohammad Kavoosifar <mohammadreza.kavoosifar@polito.it>
alias monica-ferrarese Monica Ferrarese <monica.naxos@gmail.com>
alias montersino-mauro Montersino Mauro <Mauro.Montersino@italiaonline.it>
alias morra-pasquale Morra Pasquale <Pasquale.Morra@italiaonline.it>
alias moschinoriana-rossella Moschin Oriana Rossella <OrianaRossella.Moschin@italiaonline.it>
alias munaretto-luca Munaretto Luca <Luca.Munaretto@italiaonline.it>
alias muniyandi-vivek Muniyandi, Vivek <msvivek@amazon.com>
alias nardulli-denise Nardulli Denise <denise.nardulli@italiaonline.it>
alias nasca-paolo Nasca Paolo <Paolo.Nasca@italiaonline.it>
alias natalia-kozmina Natalia Kozmina <natalia.kozmina@irion.it>
alias natalia-kozmina Natalia Kozmina <natalija.kozmina@gmail.com>
alias natalija-kozmina Natalija Kozmina <hata6ka@gmail.com>
alias natalija-kozmina Natalija Kozmina <natalija.kozmina@lu.lv>
alias network   <network@italiaonline.it>
alias network_management   <network_management@italiaonline.it>
alias network_tech   <network_tech@italiaonline.it>
alias networktech   <networktech@italiaonline.it>
alias nicola-fogliaro Nicola Fogliaro <Nicola.Fogliaro@italiaonline.it>
alias nicola-franzese Nicola Franzese <franzese@ict-lab.info>
alias nicolas-legeai Nicolas Legeai <Nicolas.Legeai@europages.com>
alias nicolò-ricotta Nicolò Ricotta <nicoricotta@hotmail.it>
alias nigel-leggatt Nigel Leggatt <Nigel.Leggatt@microsoft.com>
alias noe.otero   <noe.otero@google.com>
alias noemi-adinolfi Noemi Adinolfi <noemiadinolfi677@gmail.com>
alias noeotero-delgado Noe Otero Delgado <noeo@google.com>
alias nogler-martin Nogler Martin <Martin.Nogler@italiaonline.it>
alias noi   <noi@italiaonline.it>
alias nonnato-chiara Nonnato Chiara <Chiara.Nonnato@italiaonline.it>
alias nttdata63-nttdata Nttdata63 Nttdata <f5325@guest.italiaonline.it>
alias nttdata65-nttdata Nttdata65 Nttdata <f5826@guest.italiaonline.it>
alias nuova-riprografica NUOVA RIPROGRAFICA <info@nuovariprografica.it>
alias ogs-crm Ogs Crm <Ogs.Crm@italiaonline.it>
alias ogscrmsapord   <OGS-CRM-SAP-ORD@italiaonline.it>
alias ogscrmsem   <OGS-CRM-SEM@italiaonline.it>
alias ogscrmsfe   <OGS-CRM-SFE@italiaonline.it>
alias ogstrackitit   <OGS-TRACKIT-IT@italiaonline.it>
alias olcelli-marco Olcelli Marco <Marco.Olcelli@italiaonline.it>
alias orders-2   <orders-2@amazon.it>
alias padovanomaria-teresa Padovano Maria Teresa <MariaTeresa.Padovano@dls.italiaonline.it>
alias paganelli-elisa Paganelli Elisa <Elisa.Paganelli@dls.italiaonline.it>
alias paganellifiorella-arianna Paganelli, Fiorella Arianna <Fiorella.Paganelli@nttdata.com>
alias panaccio-francesco Panaccio Francesco <Francesco.Panaccio@italiaonline.it>
alias panzeri-mauro Panzeri Mauro <Mauro.Panzeri@italiaonline.it>
alias paola-crosato Paola Crosato <Paola.Crosato@comune.torino.it>
alias paolabugni   <paolabugni@telesi.net>
alias paolo-bernardi Paolo Bernardi <bernardi@cad.polito.it>
alias paolo-bittarello Paolo Bittarello <paolo.pegaso@libero.it>
alias paolo-broglio Paolo Broglio <broglio63@yahoo.it>
alias paolo-garza Paolo Garza <paolo.garza@polito.it>
alias paolo-mulas Paolo Mulas <paoloedany.divina@alice.it>
alias paolo-pomi Paolo Pomi <paolo.pomi@polito.it>
alias paolo-zuliani Paolo Zuliani <pzizzu@gmail.com>
alias papetti-aldo Papetti Aldo <Aldo.Papetti@italiaonline.it>
alias paracuollo-salvatore Paracuollo Salvatore <salvatore.paracuollo@nttdata.com>
alias pasini-andrea PASINI ANDREA <andrea.pasini@polito.it>
alias pasquale-lisena Pasquale Lisena <pasq.lisena@gmail.com>
alias pasquale-morra Pasquale Morra <morra.pasquale@seat.it>
alias passerini-francesca Passerini Francesca <fpasserini@consodata.it>
alias pastor-eliana PASTOR ELIANA <eliana.pastor@polito.it>
alias patane-andrea Patane' Andrea <Andrea.Patane'@italiaonline.it>
alias patrickatwilliam-painter Patrick at William Painter <patrick@williampainter.com>
alias patrimonioimmobiliare   <patrimonioimmobiliare@cert.comune.torino.it>
alias pavia   <pavia@gls-italy.com>
alias perazzolostefano-spindox Perazzolo Stefano (Spindox) <Perazzolo.Stefano@guest.italiaonline.it>
alias perini-mario Perini Mario <Mario.Perini@italiaonline.it>
alias perlaemilionttdata Perla Emilio (NTT DATA ) <Perla.Emilio@guest.italiaonline.it>
alias perticati-luca Perticati Luca <Luca.Perticati@italiaonline.it>
alias piantanida-elena Piantanida Elena <Elena.Piantanida@italiaonline.it>
alias pier-bortone Pier Bortone <pierpaolo.bortone@italiaonline.it>
alias piergiorgio-dughera PierGiorgio Dughera <PierGiorgio.Dughera@nttdata.com>
alias pierluigi-masini Pierluigi Masini <bellinoregali@gmail.com>
alias piero-borgazzi piero borgazzi <borgsound@gmail.com>
alias piero-cottin Piero Cottin <car.cottin@gmail.com>
alias pierpaolo-asproni Pier Paolo asproni <pier.asproni@polito.it>
alias pighetti-massimo Pighetti Massimo <Massimo.Pighetti@italiaonline.it>
alias pileggi-francesco Pileggi Francesco <Francesco.Pileggi@italiaonline.it>
alias pina-poli Pina Poli <pineapple.pina@gmail.com>
alias pinto-francesco Pinto, Francesco <Francesco.Pinto@nttdata.com>
alias pioggia-claudio Pioggia Claudio <Claudio.Pioggia@italiaonline.it>
alias pirola-davide Pirola Davide <Davide.Pirola@italiaonline.it>
alias poli-giulia POLI, Giulia <giulpoli@amazon.it>
alias politano-roberta Politano Roberta <Roberta.Politano@italiaonline.it>
alias politecnicotorino2-politecnicotorino Politecnicotorino2 Politecnicotorino <f3427@guest.italiaonline.it>
alias pontonio-mattia Pontonio Mattia <Mattia.Pontonio2@dls.italiaonline.it>
alias porcu-christian Porcu Christian <Christian.Porcu@dls.italiaonline.it>
alias poste-doganali Poste Doganali <lonate-import09@sda.it>
alias preattivazione.rbmsalute   <preattivazione.rbmsalute@previmedical.it>
alias preti-enrica Preti Enrica <Enrica.Preti@italiaonline.it>
alias pretienrica   <Preti.Enrica@italiaonline.it>
alias prlc-administration PRLC administration <prlc-subscribe@polito.it>
alias prontoseat755-prontoseat Prontoseat755 Prontoseat <f5616@guest.italiaonline.it>
alias pubblicazioni   <pubblicazioni@polito.it>
alias pullinidaniele-crf PULLINI Daniele (CRF) <daniele.pullini@crf.it>
alias qi-dolhagaray Qi Dolhagaray <Qi.Zhang@europages.com>
alias qualdioli-mauro Qualdioli Mauro <mauro.qualdioli@autoingros.it>
alias rabino-fabrizio Rabino Fabrizio <Fabrizio.Rabino@italiaonline.it>
alias radaelli-orietta Radaelli Orietta <Orietta.Radaelli@italiaonline.it>
alias raffaele-celia Raffaele Celia <r.celia@stradeanas.it>
alias raffaele-lutzoni Raffaele Lutzoni <rlutzoni@gmail.com>
alias raffaella-di nardo Raffaella Di Nardo <raffaella.dinardo@valtec.it>
alias raffaella-rossi Raffaella Rossi <lella81r@yahoo.it>
alias raffaello-aschero Raffaello Aschero <raffaello.aschero@synthesis3.it>
alias ragno-francesco Ragno Francesco <Francesco.Ragno@italiaonline.it>
alias rajagopal-roshith Rajagopal, Roshith <roshith@amazon.com>
alias raponi-daniele Raponi Daniele <Daniele.Raponi@italiaonline.it>
alias ravindra-saini Ravindra Saini <rasain@microsoft.com>
alias ravishankar-ramya Ravishankar, Ramya <raramy@amazon.com>
alias reich-francesca Reich Francesca <freich@consodata.it>
alias release_engineering   <release_engineering@italiaonline.it>
alias resta-giovanna Resta Giovanna <Giovanna.Resta@italiaonline.it>
alias restani-emanuela Restani Emanuela <Emanuela.Restani@italiaonline.it>
alias reynolds-jermay Reynolds, Jermay <rjermay@amazon.com>
alias ricca-dario Ricca Dario <Dario.Ricca@italiaonline.it>
alias riccardo-dutto Riccardo Dutto <riccardo.dutto@polito.it>
alias riccardo-ruggieri Riccardo Ruggieri <riccardoruggi@hotmail.it>
alias riccardo-sclaverano Riccardo Sclaverano <riccardo.sclaverano@teletu.it>
alias riccardo-strillacci Riccardo Strillacci <Riccardo.Strillacci@aubay.it>
alias ricevuti-claudia Ricevuti Claudia <cricevuti@consodata.it>
alias rick-holliday Rick Holliday <rickholliday@music-pc.com>
alias rinversi-silvia Rinversi Silvia <Silvia.Rinversi@italiaonline.it>
alias riorda-roberto Riorda Roberto <Roberto.Riorda@italiaonline.it>
alias rita.cannata   <rita.cannata@polito.it>
alias rizzi-diego Rizzi Diego <Diego.Rizzi@italiaonline.it>
alias robert-wrembel Robert Wrembel <robert.wrembel@cs.put.poznan.pl>
alias roberta-delfino Roberta Delfino <robertagiuliadelfino@gmail.com>
alias roberta-marsella Roberta Marsella <robymarsy@gmail.com>
alias roberta-minelli Roberta Minelli <roberta.minelli@irion.it>
alias roberto Roberto  <rob.roy@infinito.it>
alias roberto-aromando Roberto Aromando <robertoaromando@gmail.com>
alias roberto-boggio Roberto Boggio <bobo@fratellidisoledad.it>
alias roberto-boiocchi Roberto Boiocchi <roberto.boiocchi@labso.it>
alias roberto-pioli Roberto Pioli <roberto.pioli@neagen.it>
alias roberto-recchia Roberto Recchia <roberto.recchia@csp.it>
alias roberto-richiardi Roberto Richiardi <roberto.richiardi@gmail.com>
alias rocco-voto Rocco Voto <roccovoto@yahoo.it>
alias rodolfo-garau Rodolfo Garau <rudigarau@yahoo.it>
alias roger   <roger@duda.co>
alias rohit-nadhani Rohit Nadhani <hello@newtonhq.com>
alias romano-luca Romano Luca <luca.romano@nttdata.com>
alias romolo-velati Romolo Velati <romolosamuele.velati@italiaonline.it>
alias romolo.velati   <romolo.velati@italiaonline.it>
alias roncoroni-giovanni Roncoroni Giovanni <Giovanni.Roncoroni@italiaonline.it>
alias rosanovaanna-maria Rosanova Anna Maria <annamaria.rosanova@nttdata.com>
alias rosario-marano Rosario Marano <Rosario.Marano@nttdata.com>
alias rosario-marano Rosario Marano <rosario.marano@nttdata.com>
alias rosatina-vasques Rosatina Vasques <sanzaro.libero@tiscali.it>
alias rosatina.vasques   <rosatina.vasques@virgilio.it>
alias rossano-lannutti Rossano Lannutti <rossano@linopassamilvino.it>
alias rossano.schifanella   <rossano.schifanella@gmail.com>
alias rossellagallotechnology-reply Rossella Gallo (Technology Reply) <rossella.gallo@guest.italiaonline.it>
alias rossignol-yves Rossignol Yves <yvesrossignol@libero.it>
alias roviellofrancesco-giuseppe Roviello Francesco Giuseppe <f5615@guest.italiaonline.it>
alias roviellogiuseppe-francesco Roviello Giuseppe Francesco <FrancescoGiuseppe.Roviello@italiaonline.it>
alias ruben-leonardi Ruben Leonardi <rubenm.leonardi@gmail.com>
alias rudolf-enrico Rudolf Enrico <Enrico.Rudolf@italiaonline.it>
alias rui-shen Rui Shen <r_shen@apple.com>
alias ruocco-giuseppe Ruocco Giuseppe <giuseppe.ruocco@nttdata.com>
alias russogiuseppe-skylab Russo Giuseppe (Skylab) <Russo.Giuseppe@guest.italiaonline.it>
alias sabrina-varroni Sabrina Varroni <08c00037@regione.lazio.it>
alias sacco-chiara Sacco Chiara <Chiara.Sacco@italiaonline.it>
alias safety-italiaonline Safety Italiaonline <safety@italiaonline.it>
alias saitta-antonino Saitta, Antonino <Antonino.Saitta@nttdata.com>
alias sajmir-rusi Sajmir Rusi <sajmir.rusi@gmail.com>
alias salasso-mattia Salasso Mattia <f6053@guest.italiaonline.it>
alias salvatore-zucco Salvatore Zucco <elettrosalva@gmail.com>
alias salvatore.dona   <salvatore.dona@datacontact.it>
alias samir-singh Samir Singh <samir@yext.com>
alias samra-dzubur Samra Dzubur <sdzubur@apple.com>
alias samuel-verran Samuel Verran <sverran@google.com>
alias samuele-spallitta Samuele Spallitta <samuelespallitta@hotmail.it>
alias sara-cantore Sara Cantore <sara.cantore@eisgroup.it>
alias sara-cantore Sara Cantore <sara.cantore@eisworld.it>
alias sasha-sizemov Sasha Sizemov <alexandr.sizemov@gmail.com>
alias scarcella-giuseppe Scarcella Giuseppe <Giuseppe.Scarcella@italiaonline.it>
alias schifane   <schifane@di.unito.it>
alias scilipotimaria-enrica Scilipoti Maria Enrica <MariaEnrica.Scilipoti@italiaonline.it>
alias sciolla-matteo Sciolla Matteo <Matteo.Sciolla@italiaonline.it>
alias scoloppio-raffaella Scoloppio Raffaella <Raffaella.Scoloppio@italiaonline.it>
alias scudo   <scudo@polito.it>
alias scuola-holden Scuola Holden <didattica@scuolaholden.it>
alias sebastian-loyola Sebastian Loyola <sebastian.loyola@me.com>
alias security-italiaonline Security Italiaonline <security@italiaonline.it>
alias selezioni   <selezioni@previnet.it>
alias semoutbound   <SEM.OUTBOUND@italiaonline.it>
alias sergio-meola Sergio Meola <sergiomeola@libero.it>
alias servizio-clienti Servizio Clienti <servizioclienti@iccom.it>
alias sesia-olga Sesia Olga <Olga.Sesia@italiaonline.it>
alias sgavetti-monica Sgavetti Monica <Monica.Sgavetti@italiaonline.it>
alias sheshi-suzana Sheshi Suzana <suzana.sheshi@italiaonline.it>
alias silvia-casola Silvia Casola <silvia.casola8@gmail.com>
alias silvia-chiusano Silvia Chiusano <silvia.chiusano@polito.it>
alias silvia-danesi Silvia Danesi <silvia_danesi@yahoo.it>
alias silvia-sasso Silvia Sasso <silvia.sasso@sassolegno.it>
alias silvio-patruno Silvio Patruno <patruno.silvio@gmail.com>
alias simona-de mari Simona De Mari <simonademari@gmail.com>
alias simonala-ferrara Simona La Ferrara <simona.laferrara@polito.it>
alias simone-arlorio Simone Arlorio <simonearlorio@libero.it>
alias simone-cattaneo Simone Cattaneo <simone.cattaneo@italiaonline.it>
alias simone-merlin Simone Merlin <smerlo3@live.it>
alias simone-pozzi Simone Pozzi <Pozzi.Simone@guest.italiaonline.it>
alias simone-refourn Simone Refourn <refournsimone@gmail.com>
alias simone-ricupero Simone Ricupero <simone.ricupero@gmail.com>
alias simone-villata Simone Villata <peleoss@gmail.com>
alias simonecannizzocertimeterit   <simone.cannizzo@certimeter.it>
alias sinistri-krm Sinistri Krm <sinistri@krmunderwriting.com>
alias sirimalle-vinod Sirimalle, Vinod <vsiri@amazon.com>
alias sistemitech   <SistemiTech@italiaonline.it>
alias sms-politecnico SMS Politecnico <giorgiosirocchi67@gmail.com>
alias solazzo-angelo Solazzo, Angelo <Angelo.Solazzo@nttdata.com>
alias solla-giorgio Solla, Giorgio <giorgio@amazon.it>
alias soncin-andrea Soncin, Andrea <andrea.soncin@here.com>
alias sonia-guerra Sonia Guerra <sog80@libero.it>
alias sonia-pedalino Sonia Pedalino <sonia.85@tiscali.it>
alias sophie   <sophie@hello.yext.com>
alias sorrentino-alessandro Sorrentino Alessandro <Alessandro.Sorrentino@italiaonline.it>
alias soul-nassau Soul Nassau <Soul.Nassau@gmail.com>
alias sozzani-monica Sozzani Monica <Monica.Sozzani@italiaonline.it>
alias spaccini-sara Spaccini Sara <Sara.Spaccini@italiaonline.it>
alias spedizioni-antonella Spedizioni Antonella <spedizioni@essemusic.it>
alias spera-debora Spera Debora <Debora.Spera@italiaonline.it>
alias speroni-sabrina Speroni Sabrina <Sabrina.Speroni@italiaonline.it>
alias sportello.volpiano   <sportello.volpiano@consorziobacino16.it>
alias stcavallin@gmail.com   <stcavallin@gmail.com>
alias stefanelli-mara Stefanelli Mara <Mara.Stefanelli@italiaonline.it>
alias stefania-108 Stefania 108 <spazio108@hotmail.it>
alias stefaniaappicedatacontactit   <stefania.appice@datacontact.it>
alias stefano-bertolino Stefano Bertolino <stefano.bertolino.92@gmail.com>
alias stefano-borelli Stefano Borelli <steve0908@gmail.com>
alias stefano-gianoglio Stefano Gianoglio <stefano.gianoglio@irion.it>
alias stefano-gollo Stefano Gollo <stefano.gollo@irion.it>
alias stefano-iasi Stefano Iasi <stefanoia@tin.it>
alias stefano-ordazzo Stefano Ordazzo <stefanoordazzo@libero.it>
alias stefano-prevosto Stefano Prevosto <stefano.prevosto@gmail.com>
alias stefano-prevosto Stefano Prevosto <stefano.prevosto@irion.it>
alias stroppolo-marco Stroppolo Marco <Marco.Stroppolo@italiaonline.it>
alias summacorradontt-data Summa Corrado (NTT Data) <Corrado.Summa@guest.italiaonline.it>
alias support   <apisupport+id557740@tags.zendesk.com>
alias support   <apisupport+id651274@tags.zendesk.com>
alias support   <apisupport+id709043@tags.zendesk.com>
alias support   <apisupport+id729257@tags.zendesk.com>
alias support   <support@easyconferences.com>
alias support-bdd Support Bdd <Support.Bdd@europages.com>
alias tabasso-ida Tabasso Ida <Ida.Tabasso@italiaonline.it>
alias tagliaferri-daniele Tagliaferri Daniele <Daniele.Tagliaferri@italiaonline.it>
alias tal-harel Tal Harel <tal.harel@duda.co>
alias tania-cerquitelli Tania Cerquitelli <tania.cerquitelli@polito.it>
alias tania-imbesi Tania Imbesi <tania.imbesi@yahoo.it>
alias tarditimassimontt-data Tarditi Massimo (NTT DATA) <tarditi.massimo@guest.italiaonline.it>
alias tassi-barbara Tassi Barbara <Barbara.Tassi@italiaonline.it>
alias tatoli-aldo Tatoli Aldo <Aldo.Tatoli@italiaonline.it>
alias teatro-stalker Teatro Stalker <stk.amministrazione@gmail.com>
alias teo-lentini Teo Lentini <teodisco2000@email.it>
alias teresa-vasques Teresa Vasques <mariateresa.vasques@gmail.com>
alias testrelease   <test-release@italiaonline.it>
alias testrelease   <test-release@paginegialle.it>
alias teti-antonio Teti Antonio <antonio.teti@italiaonline.it>
alias thibault-coudray Thibault Coudray <thibault.coudray@partoo.fr>
alias thibault-levimartin Thibault Levi-Martin <thibault@partoo.fr>
alias thierry-cohensolal Thierry Cohen-Solal <Thierry.Cohen-Solal@europages.com>
alias ting-wang Ting Wang <twang7@apple.com>
alias tiranti-gabriella Tiranti Gabriella <Gabriella.Tiranti@italiaonline.it>
alias tiziana-lombardo Tiziana Lombardo <tiziana.lombardo@csp.it>
alias toc   <toc@italiaonline.it>
alias toc   <toc@service.it.net>
alias todoist-inbox Todoist Inbox <add.task.4833.108549277.35398c78bd82fb2a@todoist.net>
alias toffolet-laura Toffolet Laura <laura.toffolet@italiaonline.it>
alias tomberli-leonardo Tomberli Leonardo <Leonardo.Tomberli@italiaonline.it>
alias tony-messina Tony Messina <tmessina@apple.com>
alias tponbing-places TP on Bing Places <partneronbp@microsoft.com>
alias trapattoni-andrea TRAPATTONI Andrea <atrapattoni@amaris.com>
alias trattoria-posta Trattoria Posta <trattoriadellaposta@yahoo.it>
alias travel   <travel@italiaonline.it>
alias trogolo-andrea Trogolo Andrea <Andrea.Trogolo@italiaonline.it>
alias trolio-giuseppe Trolio Giuseppe <Giuseppe.Trolio@italiaonline.it>
alias trombetta-claudia Trombetta Claudia <claudia.trombetta@fiatviva.it>
alias turra-veronica Turra Veronica <veronica.turra@italiaonline.it>
alias ufftributicomunedi-volpiano Uff. Tributi - Comune di Volpiano <tributi@comune.volpiano.to.it>
alias ulianorosario-antonio Uliano Rosario Antonio <rosarioantonio.uliano@nttdata.com>
alias umberto-casalone Umberto Casalone <casalone.umberto@seat.it>
alias unsubscribe   <unsubscribe@cgames.com.sg>
alias uri-hoter Uri Hoter <uri.hoter@duda.co>
alias vada-lorenzo Vada Lorenzo <Lorenzo.Vada@italiaonline.it>
alias valenti-davide Valenti Davide <Davide.Valenti@italiaonline.it>
alias valentina-carlino Valentina Carlino <valentina.carlino24@gmail.com>
alias valentina-piovano Valentina Piovano <pluvius@libero.it>
alias valentina-ruberti Valentina Ruberti <vale.rubeo@gmail.com>
alias valentina-scavarda Valentina Scavarda <val_88@live.it>
alias valentina.carlino24   <valentina.carlino24@gmail.com>
alias valentino-stefania Valentino Stefania <Stefania.Valentino@italiaonline.it>
alias valeriamestodatacontactit   <valeria.mesto@datacontact.it>
alias valerio-ferrero Valerio Ferrero <frr.vlr@gmail.com>
alias valerio-signetto Valerio Signetto <valerio.signetto@gmail.com>
alias valetti-francesca Valetti Francesca <Francesca.Valetti@italiaonline.it>
alias valli-gianluca Valli Gianluca <Gianluca.Valli@italiaonline.it>
alias valperga-claudia Valperga Claudia <Claudia.Valperga@italiaonline.it>
alias vanek-fabio Vanek Fabio <Fabio.Vanek@italiaonline.it>
alias vanessa-barraco Vanessa Barraco <vanessa.barraco@yahoo.it>
alias varetto-marco Varetto Marco <Marco.Varetto@italiaonline.it>
alias velatiromolo-samuele Velati Romolo Samuele <RomoloSamuele.Velati@italiaonline.it>
alias venturello Venturello  <venturello@venturello.it>
alias veronica-perego Veronica Perego <perego.veronica5@gmail.com>
alias veronica-turra Veronica Turra <Veronica.Turra@italiaonline.it>
alias vettigli-ivano Vettigli Ivano <ivano.vettigli@nttdata.com>
alias vid-sonia Vid Sonia <info@vidstudio.it>
alias videolive   <videolive@radiolivesocial.it>
alias vignolipaolontt-data Vignoli Paolo (NTT Data) <Paolo.Vignoli@guest.italiaonline.it>
alias villa-somis VILLA SOMIS <info@villasomis.it>
alias vincenzo-crivello vincenzo crivello <vincenzo.crivello@mybestcontact.it>
alias vittoriadal-grande Vittoria Dal Grande <e6785@guest.italiaonline.it>
alias vittorio-campanella Vittorio Campanella <victor96@hotmail.it>
alias waldemar-ruka Waldemar Ruka <Waldemar.Ruka@europages.com>
alias walter-spiandore Walter Spiandore <spiandore@cusve.it>
alias weblog   <weblog@italiaonline.it>
alias webmaster   <webmaster@trenitalia.it>
alias welfare-tlc welfare tlc <welfare.tlc@italiaonline.it>
alias will-bromage Will Bromage <wbromage@microsoft.com>
alias xin-xiao Xin Xiao <xin.xiao@polito.it>
alias yevgenyapplecom   <yevgeny@apple.com>
alias yext-support Yext Support <support@yext.com>
alias yosra-ayadi Yosra Ayadi <yosra.ayadi@certimetergroup.com>
alias zaboni-ivan Zaboni Ivan <ivan.zaboni@eng.it>
alias zaccone-francesca ZACCONE Francesca <fzaccone@amaris.com>
alias zambolinpaolo-primo Zambolin Paolo Primo <paoloprimo.zambolin@italiaonline.it>
alias zanatta-federica Zanatta Federica <Federica.Zanatta@dls.italiaonline.it>
alias zanazzi-francesco Zanazzi Francesco <Francesco.Zanazzi@dls.italiaonline.it>
alias zilioenricontt-data Zilio Enrico (NTT Data) <Zilio.Enrico@guest.italiaonline.it>
alias zini-simona Zini Simona <Simona.Zini@italiaonline.it>
alias zroman   <zroman@yext.com>
alias zuccheri-marika Zuccheri Marika <Marika.Zuccheri@italiaonline.it>
alias zvika-ashkenazi Zvika Ashkenazi <zvika@maskyoo.co.il>
